Timestamp,Total Processes,Active Processes,Completed Processes,Paused Processes,Paused by Exception Processes,Cancelled Processes,Unfinished Processes,Terminating Processes,Total Nodes,Completed Nodes,Waiting Nodes,In-Process Nodes,Paused Nodes,Paused By Exception Nodes
2026-05-25 14:15:00,248,12,179,8,3,2,1,0,1198,902,78,24,9,5
2026-05-25 14:16:00,249,13,179,8,3,2,1,0,1201,905,79,25,9,5
2026-05-25 14:17:00,250,12,180,8,3,2,1,0,1205,908,80,24,10,5
2026-05-25 14:18:00,250,13,180,8,4,2,1,0,1208,910,80,25,10,6
2026-05-25 14:19:00,251,12,181,8,4,2,1,1,1212,914,81,24,10,6
2026-05-25 14:20:00,251,13,181,8,4,2,1,0,1215,917,81,25,10,6
2026-05-25 14:21:00,252,13,181,8,5,2,1,0,1219,920,82,25,10,7
2026-05-25 14:22:00,252,14,181,8,5,2,1,0,1224,923,82,26,10,7
2026-05-25 14:23:00,253,13,181,8,6,2,1,0,1228,927,82,25,10,9
2026-05-25 14:24:00,253,11,182,8,8,2,1,0,1232,931,82,23,10,14
2026-05-25 14:25:00,253,8,182,8,47,2,1,0,1240,938,82,18,10,84
2026-05-25 14:26:00,253,7,182,8,52,2,1,0,1245,941,82,16,10,92
2026-05-25 14:27:00,253,7,182,8,52,2,1,0,1250,945,82,16,10,93
2026-05-25 14:28:00,253,8,182,8,49,2,1,0,1253,948,82,17,10,88
2026-05-25 14:29:00,253,9,183,8,48,2,1,0,1257,952,82,18,10,86
